k,inertia,silhouette
2,125836.282375617,0.10785420286196136
3,117073.18588580411,0.1145567726328479
4,110391.6622778255,0.09360843497304236
5,106719.75838933121,0.0959574233170261
6,103877.47021731244,0.07868963379630255
7,101719.59702227692,0.07362306604840453
8,100044.49768955236,0.07400162497099343
9,98121.02629328304,0.0783700475411619
10,96768.86104201924,0.07455955118733386
